,model,hom,comp,v_measure,sil,db,ch
0,SBERT_AC,0.9213386838302602,0.8443770798693812,0.8811806332784478,0.29023170471191406,1.9329613479319978,141.41276692304126
1,SBERT_DBScan,0.6798236221035475,0.8820104778982465,0.7678300247348653,0.24221569299697876,1.9949534514035068,154.52325235297772
2,word_AC,0.7617738303278686,0.7080109837063253,0.7339091189706931,0.18295125197010795,1.9129534069131136,110.88748484594703
3,word_DBScan,0.0019156275693338136,0.23553624488078764,0.00380034673650152,0.38988873760626347,0.38738985980550616,12.688877458753481
4,BoW_AC,0.8128011996889597,0.6579471707699165,0.727221951049169,0.041325301646495546,1.9649620800294387,830.3233930282669
5,BoW_DBScan,0.9928975982337349,0.28321675634062277,0.44072106256331245,0.21324514327748412,0.21801695549823397,1983.750883028618
